TOP Searches,Value,,RISING,
adidas,100,,adidas chinese new year jacket,850%
shoes,17,,adidas chinese new year,400%
adidas shoes,15,,adidas leopard samba,250%
samba,11,,leopard adidas sambas,160%
adidas samba,10,,leopard sambas,150%
addidas,7,,adidas evo sl,150%
nike,7,,adidas cheetah samba,140%
black adidas,5,,adidas leopard,140%
gazelle,5,,adidas valentines shoes 2025,130%
gazelle adidas,5,,baseball cleats,120%
sambas,5,,adidas baseball cleats,100%
white adidas,5,,asos,90%
sambas adidas,4,,cheetah adidas,70%
sneakers,4,,adizero evo sl,70%
pink adidas,4,,adidas liberty london,50%
campus adidas,4,,soccer cleats,50%
adidas sneakers,4,,adidas adizero evo sl,40%
blue adidas,3,,cheetah print adidas,40%
red adidas,3,,adidas bw army,40%
adidas pants,3,,adidas adizero,40%
adidas kids,2,,,
green adidas,2,,,
new balance,2,,,
nike shoes,2,,,
adidas cleats,2,,,
